{"val_loss": [2.603712724213815, 2.3149451524075406, 2.198196721644726, 2.170558019841965, 2.0074703450355704, 1.9340595634542794, 1.8987558730685672, 1.8593270709217666, 1.8515972078142662, 1.8144692975976031, 1.8050758663015414, 1.8213545208375952, 1.828606415105352], "val_acc": [0.31385985951942796, 0.34983724517294945, 0.38564330993479645, 0.41014219634905036, 0.43172862774524784, 0.4514305293968489, 0.4605105362598958, 0.4735309234221177, 0.47695734110243293, 0.4891211238905279, 0.49460339216882077, 0.49374678775895353, 0.49169093714055284], "loss": [2.9709343223054643, 2.4610388914349195, 2.2766388126801704, 2.2048632146439346, 2.1191365680342473, 1.9383171700346764, 1.8573311098832954, 1.7735127661117585, 1.6818648239639722, 1.5945131237687515, 1.4954936263974528, 1.4012435206602272, 1.3006466521631448], "acc": [0.21621621622068396, 0.3261661027125456, 0.3637298154576655, 0.38870090378062466, 0.41538527436101597, 0.43658714188076053, 0.4633143445115562, 0.4809183192892892, 0.5084593310194587, 0.5296611984524017, 0.5582301795148193, 0.5798175354843738, 0.6114704245218359]}