{"val_loss": [2.391513263062472, 2.2030305506370924, 1.9515429555726675, 1.848852499030718, 1.7993697419030186, 1.7616561432574012, 1.7474150780150082, 1.7750156877955094, 1.8644636120365834, 1.938053602632502, 1.9773353297205325, 2.1185460445876396, 2.25920946815688, 2.394458037724048, 2.4945371822658355, 2.5968709027119994, 2.670749991290025, 2.6968393963602924], "val_acc": [0.3380715876184806, 0.3879088885261703, 0.44082890907763456, 0.462065422168985, 0.475595136171315, 0.4980304846796889, 0.5069361192061489, 0.5117314608844508, 0.5007706799466717, 0.5065935948114931, 0.5012844665258954, 0.5011132043234635, 0.4987155334996246, 0.4937489296201668, 0.4918650454023477, 0.48706970373425384, 0.49015242337802845, 0.4848432950924308], "loss": [2.6860987045806164, 2.2376838694045063, 2.0208859592497523, 1.8235511374730813, 1.6651674747303713, 1.4999769250300061, 1.3257214949338847, 1.130380433845814, 0.932955638097357, 0.74104818126522, 0.6513731715552181, 0.4190715587206503, 0.27117863163992567, 0.1986064812202612, 0.157296619019314, 0.13779918406950445, 0.14978279517129342, 0.14652754970457604], "acc": [0.28009933207230653, 0.37789004968135076, 0.4283267682873441, 0.4705429011663972, 0.5124165096661064, 0.5574584689057023, 0.6059256722347686, 0.6628703545433831, 0.7204144545298853, 0.78125535192341, 0.8101130330638131, 0.8925757834939521, 0.9424558999522498, 0.9622794999347849, 0.9715276588354848, 0.9734971741430358, 0.9674173659771186, 0.9667751327384149]}